{
  "r": {
    "ErrHi": 0.3488252593716239,
            "ErrLo": 0.33366511264757936,
            "StatHi": 0.26397877464666974,
            "StatLo": 0.25877201414031736,
            "SystHi": 0.22802251667702347,
            "SystLo": 0.21064057561610774,
            "val": 1.0794732570648193
  },
  "r_WH": {
    "ErrHi": 0.5730530023574829,
    "ErrLo": 0.5440892577171326,
    "val": 1.362596035003662
  },
  "r_ZH": {
    "ErrHi": 0.5436249375343323,
    "ErrLo": 0.43351227045059204,
    "val": 0.8413811326026917
  },
  "r_onelep": {
"val": 0.957736,
"ErrLo": 0.535977,
"ErrHi": 0.578288
  },
  "r_twolep": {
"val": 1.00806,
"ErrLo":0.574854,
"ErrHi":0.611222 
  },
  "r_zerolep": {
"val": 0.539108,
"ErrLo": 0.539108,
"ErrHi": 0.591555 
  },
  "rc": {
    "ErrHi": 0.191,
    "ErrLo": 0.186,
    "val": 1.033
  },
  "r2016": {
    "StatHi": 0.30993895791378234,
    "StatLo": 0.30411231860890175,
    "SystHi": 0.23787683504773438,
    "SystLo": 0.21336130450330149,
    "ErrHi": 0.4,
    "ErrLo": 0.4,
    "val": 1.2
  },
  "r201617": {
	  "ErrHi": 0.2621096548028834,
	  "ErrLo": 0.25243788336506334,
	  "StatHi": 0.1987176809367346,
	  "StatLo": 0.1955891245505822,
	  "SystHi": 0.1709173906424178,
	  "SystLo": 0.1595925415405437,
	  "val": 1.0572160482406616

  },
  "r1": {
	  "StatHi":0.38,
	  "SystHi":0.24, 	
	  "ErrHi": 0.44,
	  "ErrLo": 0.44,
	  "val": 0.89
  },
  "rvh": {   
	  "ErrHi": 0.22678068805158103,
	  "ErrLo": 0.21896361080358362,
	  "StatHi": 0.175764479873475,
	  "StatLo": 0.17321019460443776,
	  "SystHi": 0.14330501766496284,
	  "SystLo": 0.13395257123786777,
	  "val": 1.0129128694534302
  },
  "rtth": {
	  "ErrHi": 0.446,
	  "ErrLo": 0.426,
	  "val": 0.838
  },
  "rvbf": {
	  "ErrHi": 1.56,
	  "ErrLo": 1.40,
	  "val": 2.528
  },
  "rgg": {
	  "ErrHi": 2.6159,
	  "ErrLo": 2.1934,
	  "val": 2.80
  }

}
