{
    "A1_hbb": {
        "mu_BR_bb": {
            "2sig_ErrorHi": 0.4058859936722541,
            "2sig_ErrorLo": -0.3832148450763043,
            "2sig_OtherLimitHi": 0.0,
            "2sig_OtherLimitLo": 0.0,
            "2sig_ValidErrorHi": true,
            "2sig_ValidErrorLo": true,
            "2sig_ValidOtherLimitHi": false,
            "2sig_ValidOtherLimitLo": false,
            "ErrorHi": 0.19907107123648093,
            "ErrorLo": -0.19321264462733911,
            "OtherLimitHi": 0.0,
            "OtherLimitLo": 0.0,
            "StatHi": 0.13816484787441863,
            "StatLo": -0.13711683239600092,
            "SystHi": 0.14331701299943012,
            "SystLo": -0.13612531108349182,
            "Val": 1.0404964685440063,
            "ValidErrorHi": true,
            "ValidErrorLo": true,
            "ValidOtherLimitHi": false,
            "ValidOtherLimitLo": false
        }
    },
    "A1_hbb_5P": {
        "mu_XS_VBF_BR_bb": {
            "2sig_ErrorHi": 3.4624352097958804,
            "2sig_ErrorLo": -2.8011976455220102,
            "2sig_OtherLimitHi": 0.0,
            "2sig_OtherLimitLo": 0.0,
            "2sig_ValidErrorHi": true,
            "2sig_ValidErrorLo": true,
            "2sig_ValidOtherLimitHi": false,
            "2sig_ValidOtherLimitLo": false,
            "ErrorHi": 1.6056574807632291,
            "ErrorLo": -1.4409776033888924,
            "OtherLimitHi": 0.0,
            "OtherLimitLo": 0.0,
            "StatHi": 0.9803909729033045,
            "StatLo": -0.9747729302335377,
            "SystHi": 1.271601150432254,
            "SystLo": -1.0612418140802398,
            "Val": 2.5284814834594727,
            "ValidErrorHi": true,
            "ValidErrorLo": true,
            "ValidOtherLimitHi": false,
            "ValidOtherLimitLo": false
        },
        "mu_XS_WH_BR_bb": {
            "2sig_ErrorHi": 0.7942843540575675,
            "2sig_ErrorLo": -0.7395373617453636,
            "2sig_OtherLimitHi": 0.0,
            "2sig_OtherLimitLo": 0.0,
            "2sig_ValidErrorHi": true,
            "2sig_ValidErrorLo": true,
            "2sig_ValidOtherLimitHi": false,
            "2sig_ValidOtherLimitLo": false,
            "ErrorHi": 0.3889165267556418,
            "ErrorLo": -0.3752217122615741,
            "OtherLimitHi": 0.0,
            "OtherLimitLo": 0.0,
            "StatHi": 0.2976488231139962,
            "StatLo": -0.29040138983808106,
            "SystHi": 0.2503222780387811,
            "SystLo": -0.23760969284231306,
            "Val": 1.2446643114089966,
            "ValidErrorHi": true,
            "ValidErrorLo": true,
            "ValidOtherLimitHi": false,
            "ValidOtherLimitLo": false
        },
        "mu_XS_ZH_BR_bb": {
            "2sig_ErrorHi": 0.5900500553311783,
            "2sig_ErrorLo": -0.551658682868958,
            "2sig_OtherLimitHi": 0.0,
            "2sig_OtherLimitLo": 0.0,
            "2sig_ValidErrorHi": true,
            "2sig_ValidErrorLo": true,
            "2sig_ValidOtherLimitHi": false,
            "2sig_ValidOtherLimitLo": false,
            "ErrorHi": 0.28897418834338495,
            "ErrorLo": -0.27972568641584494,
            "OtherLimitHi": 0.0,
            "OtherLimitLo": 0.0,
            "StatHi": 0.2383046245036058,
            "StatLo": -0.23416212141341997,
            "SystHi": 0.163453318929025,
            "SystLo": -0.15301817060722683,
            "Val": 0.8811423182487488,
            "ValidErrorHi": true,
            "ValidErrorLo": true,
            "ValidOtherLimitHi": false,
            "ValidOtherLimitLo": false
        },
        "mu_XS_ggFbbH_BR_bb": {
            "2sig_ErrorHi": 6.403999167957149,
            "2sig_ErrorLo": -4.504087119874536,
            "2sig_OtherLimitHi": 0.0,
            "2sig_OtherLimitLo": 0.0,
            "2sig_ValidErrorHi": true,
            "2sig_ValidErrorLo": true,
            "2sig_ValidOtherLimitHi": false,
            "2sig_ValidOtherLimitLo": false,
            "ErrorHi": 2.7194631269474696,
            "ErrorLo": -2.250517770206291,
            "OtherLimitHi": 0.0,
            "OtherLimitLo": 0.0,
            "StatHi": 2.0728783468816694,
            "StatLo": -2.085332860983192,
            "SystHi": 1.7602997068272286,
            "SystLo": -0.8462961023884914,
            "Val": 2.7957873344421387,
            "ValidErrorHi": true,
            "ValidErrorLo": true,
            "ValidOtherLimitHi": false,
            "ValidOtherLimitLo": false
        },
        "mu_XS_ttHtH_BR_bb": {
            "2sig_ErrorHi": 0.9204301034638871,
            "2sig_ErrorLo": -0.8450461872177918,
            "2sig_OtherLimitHi": 0.0,
            "2sig_OtherLimitLo": 0.0,
            "2sig_ValidErrorHi": true,
            "2sig_ValidErrorLo": true,
            "2sig_ValidOtherLimitHi": false,
            "2sig_ValidOtherLimitLo": false,
            "ErrorHi": 0.4432734627027326,
            "ErrorLo": -0.42168556070992164,
            "OtherLimitHi": 0.0,
            "OtherLimitLo": 0.0,
            "StatHi": 0.23025737371626898,
            "StatLo": -0.2277035959635908,
            "SystHi": 0.3787781733228002,
            "SystLo": -0.35492222316514754,
            "Val": 0.845923125743866,
            "ValidErrorHi": true,
            "ValidErrorLo": true,
            "ValidOtherLimitHi": false,
            "ValidOtherLimitLo": false
        }
    }
}