{
  "0.5": {
    "exp+1": 2.798940658569336,
    "exp+2": 3.9722492694854736,
    "exp-1": 1.3157925605773926,
    "exp-2": 0.9603424072265625,
    "exp0": 1.8984375,
    "obs": 2.061569849597801
  },
  "1.5": {
    "exp+1": 3.874394655227661,
    "exp+2": 5.635192394256592,
    "exp-1": 1.7696049213409424,
    "exp-2": 1.2879180908203125,
    "exp0": 2.5859375,
    "obs": 3.2335266793613506
  },
  "2.5": {
    "exp+1": 5.206345558166504,
    "exp+2": 7.302201271057129,
    "exp-1": 2.545414447784424,
    "exp-2": 1.896331787109375,
    "exp0": 3.609375,
    "obs": 2.5733174430575136
  },
  "3.5": {
    "exp+1": 11.571601867675781,
    "exp+2": 18.238929748535156,
    "exp-1": 4.437822341918945,
    "exp-2": 3.00750732421875,
    "exp0": 7.03125,
    "obs": 13.12265812559767
  }
}
